file,meta_content
kA00g000000H9T4CAK.html,All
kA04u0000000HroCAE.html,enterprise_auditor
kA04u0000000HuTCAU.html,public_v
kA04u0000000HuTCAU.html,threat_manager
kA04u0000000HvvCAE.html,threat_prevention
kA04u0000000Hw5CAE.html,threat_manager
kA04u0000000Hw5CAE.html,threat_prevention
kA04u0000000HweCAE.html,threat_prevention
kA04u0000000HwFCAU.html,threat_prevention
kA04u0000000HwjCAE.html,threat_prevention
kA04u0000000HwKCAU.html,threat_prevention
kA04u0000000HwoCAE.html,threat_prevention
kA04u0000000HwPCAU.html,threat_prevention
kA04u0000000HwtCAE.html,threat_prevention
kA04u0000000HwUCAU.html,threat_prevention
kA04u0000000HwZCAU.html,threat_prevention
kA04u0000000HyWCAU.html,threat_manager
kA04u0000000I0wCAE.html,ct_legacy
kA04u0000000I16CAE.html,enterprise_auditor
kA04u0000000I16CAE.html,f_stealthbits
kA04u0000000I2dCAE.html,threat_prevention
kA04u0000000I2PCAU.html,threat_prevention
kA04u0000000I4oCAE.html,enterprise_auditor
kA04u0000000I60CAE.html,enterprise_auditor
kA04u0000000I7rCAE.html,enterprise_auditor
kA04u0000000I7rCAE.html,f_stealthbits
kA04u0000000I9OCAU.html,public_v
kA04u0000000I9OCAU.html,enterprise_auditor
kA04u0000000IDfCAM.html,threat_manager
kA04u0000000IfHCAU.html,enterprise_auditor
kA04u0000000IgFCAU.html,threat_prevention
kA04u0000000IhiCAE.html,enterprise_auditor
kA04u0000000IHJCA2.html,threat_prevention
kA04u0000000II7CAM.html,enterprise_auditor
kA04u0000000IIBCA2.html,threat_manager
kA04u0000000IICCA2.html,enterprise_auditor
kA04u0000000IIkCAM.html,enterprise_auditor
kA04u0000000IILCA2.html,enterprise_auditor
kA04u0000000IILCA2.html,f_stealthbits
kA04u0000000IJ0CAM.html,access_info_center
kA04u0000000IJ5CAM.html,threat_prevention
kA04u0000000IJ5CAM.html,f_stealthbits
kA04u0000000IK2CAM.html,access_info_center
kA04u0000000IL6CAM.html,enterprise_auditor
kA04u0000000ILFCA2.html,threat_prevention
kA04u0000000INaCAM.html,enterprise_auditor
kA04u0000000INfCAM.html,enterprise_auditor
kA04u0000000InpCAE.html,enterprise_auditor
kA04u0000000INRCA2.html,enterprise_auditor
kA04u0000000IO5CAM.html,enterprise_auditor
kA04u0000000IOiCAM.html,threat_prevention
kA04u0000000IOTCA2.html,enterprise_auditor
kA04u0000000IOxCAM.html,enterprise_auditor
kA04u0000000IPDCA2.html,enterprise_auditor
kA04u0000000IPgCAM.html,enterprise_auditor
kA04u0000000IpGCAU.html,enterprise_auditor
kA04u0000000IPwCAM.html,enterprise_auditor
kA04u0000000IQjCAM.html,enterprise_auditor
kA04u0000000IqmCAE.html,threat_manager
kA04u0000000IqmCAE.html,f_stealthbits
kA04u0000000IR8CAM.html,enterprise_auditor
kA04u0000000IRxCAM.html,access_info_center
kA04u0000000Is4CAE.html,access_info_center
kA04u0000000Is4CAE.html,f_stealthbits
kA04u0000000Is9CAE.html,access_info_center
kA04u0000000ISBCA2.html,threat_manager
kA04u0000000IsECAU.html,enterprise_auditor
kA04u0000000ISGCA2.html,enterprise_auditor
kA04u0000000IsxCAE.html,public_v
kA04u0000000IsxCAE.html,enterprise_auditor
kA04u0000000IsxCAE.html,f_stealthbits
kA04u0000000IT4CAM.html,access_info_center
kA04u0000000IT9CAM.html,enterprise_auditor
kA04u0000000ItbCAE.html,enterprise_auditor
kA04u0000000ITECA2.html,access_info_center
kA04u0000000ItqCAE.html,enterprise_auditor
kA04u0000000ItRCAU.html,enterprise_auditor
kA04u0000000ITtCAM.html,enterprise_auditor
kA04u0000000ItwCAE.html,enterprise_auditor
kA04u0000000Iu5CAE.html,enterprise_auditor
kA04u0000000IueCAE.html,access_info_center
kA04u0000000IvcCAE.html,enterprise_auditor
kA04u0000000IvdCAE.html,enterprise_auditor
kA04u0000000IvhCAE.html,enterprise_auditor
kA04u0000000IvJCAU.html,enterprise_auditor
kA04u0000000IwkCAE.html,threat_manager
kA04u0000000IwpCAE.html,enterprise_auditor
kA04u0000000IwuCAE.html,threat_prevention
kA04u0000000IwuCAE.html,f_stealthbits
kA04u0000000Ix9CAE.html,enterprise_auditor
kA04u0000000IxjCAE.html,enterprise_auditor
kA04u0000000IylCAE.html,enterprise_auditor
kA04u0000000IzPCAU.html,enterprise_auditor
kA04u0000000IzUCAU.html,enterprise_auditor
kA04u0000000IzyCAE.html,access_info_center
kA04u0000000IzyCAE.html,f_stealthbits
kA04u0000000J03CAE.html,ct_legacy
kA04u0000000J03CAE.html,enterprise_auditor
kA04u0000000J0DCAU.html,threat_prevention
kA04u0000000JmbCAE.html,threat_prevention
kA04u0000000JmgCAE.html,threat_prevention
kA04u0000000JmMCAU.html,enterprise_auditor
kA04u0000000JmWCAU.html,enterprise_auditor
kA04u0000000Jn5CAE.html,enterprise_auditor
kA04u0000000JnACAU.html,enterprise_auditor
kA04u0000000JnFCAU.html,enterprise_auditor
kA04u0000000JnyCAE.html,enterprise_auditor
kA04u0000000Jr2CAE.html,enterprise_auditor
kA04u0000000Jr7CAE.html,enterprise_auditor
kA04u0000000JsPCAU.html,threat_prevention
kA04u0000000JtSCAU.html,threat_prevention
kA04u0000000JupCAE.html,threat_prevention
kA04u0000000JwWCAU.html,enterprise_auditor
kA04u0000000Jx0CAE.html,enterprise_auditor
kA04u0000000JyNCAU.html,threat_prevention
kA04u0000000JySCAU.html,threat_prevention
kA04u0000000K0dCAE.html,threat_prevention
kA04u0000000K0iCAE.html,threat_prevention
kA04u0000000K1CCAU.html,enterprise_auditor
kA04u0000000K1MCAU.html,threat_prevention
kA04u0000000K2tCAE.html,enterprise_auditor
kA04u0000000K4uCAE.html,enterprise_auditor
kA04u0000000K6lCAE.html,threat_prevention
kA04u0000000K7ACAU.html,threat_prevention
kA04u0000000K7KCAU.html,threat_manager
kA04u0000000K7PCAU.html,threat_manager
kA04u0000000K7PCAU.html,threat_prevention
kA04u0000000K7UCAU.html,threat_manager
kA04u0000000K83CAE.html,threat_prevention
kA04u0000000K8rCAE.html,password_policy_enforcer
kA04u0000000K8XCAU.html,enterprise_auditor
kA04u0000000K96CAE.html,password_policy_enforcer
kA04u0000000K9QCAU.html,threat_prevention
kA04u0000004mvcCAA.html,enterprise_auditor
kA04u0000004mvhCAA.html,threat_prevention
kA04u0000004mvSCAQ.html,threat_manager
kA04u0000004mw6CAA.html,threat_manager
kA04u0000004n0SCAQ.html,enterprise_auditor
kA04u0000004n32CAA.html,enterprise_auditor
kA04u0000004n3gCAA.html,enterprise_auditor
kA04u0000004n4jCAA.html,enterprise_auditor
kA04u0000004n4oCAA.html,threat_prevention
kA04u0000004n58CAA.html,enterprise_auditor
kA04u000000HDehCAG.html,enterprise_auditor
kA04u000000HDffCAG.html,enterprise_auditor
kA04u000000HDfpCAG.html,threat_prevention
kA04u000000HDfQCAW.html,enterprise_auditor
kA04u000000HDfVCAW.html,enterprise_auditor
kA04u000000HDgECAW.html,enterprise_auditor
kA04u000000HDgsCAG.html,enterprise_auditor
kA04u000000HDgxCAG.html,threat_prevention
kA04u000000HDhbCAG.html,enterprise_auditor
kA04u000000HDhMCAW.html,enterprise_auditor
kA04u000000HDhRCAW.html,enterprise_auditor
kA04u000000HDhWCAW.html,enterprise_auditor
kA04u000000HDiFCAW.html,threat_prevention
kA04u000000HDiKCAW.html,public_v
kA04u000000HDiKCAW.html,enterprise_auditor
kA04u000000HDiZCAW.html,enterprise_auditor
kA04u000000HDjcCAG.html,enterprise_auditor
kA04u000000HDjmCAG.html,threat_prevention
kA04u000000HDkaCAG.html,threat_prevention
kA04u000000LLeACAW.html,enterprise_auditor
kA04u000000LLeKCAW.html,threat_prevention
kA04u000000LLfmCAG.html,enterprise_auditor
kA04u000000LLh9CAG.html,enterprise_auditor
kA04u000000LLiWCAW.html,threat_manager
kA04u000000LLkSCAW.html,threat_manager
kA04u000000LLkXCAW.html,enterprise_auditor
kA04u000000LLlBCAW.html,enterprise_auditor
kA04u000000LLnbCAG.html,threat_prevention
kA04u000000LLNiCAO.html,threat_prevention
kA04u000000LLNnCAO.html,threat_manager
kA04u000000LLO2CAO.html,public_v
kA04u000000LLO2CAO.html,threat_prevention
kA04u000000LLO7CAO.html,threat_prevention
kA04u000000LLooCAG.html,threat_manager
kA04u000000LLOvCAO.html,enterprise_auditor
kA04u000000LLP0CAO.html,enterprise_auditor
kA04u000000LLPACA4.html,enterprise_auditor
kA04u000000LLPjCAO.html,threat_prevention
kA04u000000LLQcCAO.html,threat_prevention
kA04u000000LLQDCA4.html,enterprise_auditor
kA04u000000LLQhCAO.html,threat_manager
kA04u000000LLRBCA4.html,enterprise_auditor
kA04u000000LLW1CAO.html,threat_prevention
kA04u000000LLWQCA4.html,enterprise_auditor
kA04u000000LLYCCA4.html,threat_prevention
kA04u000000LLYHCA4.html,enterprise_auditor
kA04u000000Pd7BCAS.html,password_policy_enforcer
kA04u000000Pd7GCAS.html,password_policy_enforcer
kA04u000000Pd7LCAS.html,password_policy_enforcer
kA04u000000Pd7QCAS.html,password_policy_enforcer
kA04u000000PdL3CAK.html,password_policy_enforcer
kA04u000000PdL8CAK.html,password_policy_enforcer
kA04u000000PoJuCAK.html,threat_manager
kA04u000000PoKnCAK.html,threat_prevention
kA04u000000PoLlCAK.html,enterprise_auditor
kA04u000000TsmnCAC.html,enterprise_auditor
kA04u000000Tsp8CAC.html,enterprise_auditor
kA04u000000TspDCAS.html,enterprise_auditor
kA04u000000TspICAS.html,threat_prevention
kA04u000000Tsr9CAC.html,threat_manager
kA04u000000TssRCAS.html,threat_prevention
kA04u000000TssvCAC.html,enterprise_auditor
kA04u000000TstFCAS.html,enterprise_auditor
kA04u000000TstjCAC.html,enterprise_auditor
kA04u000000TswnCAC.html,enterprise_auditor
kA04u000000TsxvCAC.html,threat_prevention
kA04u000000Tt1xCAC.html,enterprise_auditor
kA04u000000Tt3ACAS.html,enterprise_auditor
kA04u000000Tt3FCAS.html,threat_prevention
kA04u000000Tt43CAC.html,enterprise_auditor
kA04u000000Tt5GCAS.html,threat_manager
kA04u000000Tt5QCAS.html,enterprise_auditor
kA04u000000Tt6iCAC.html,enterprise_auditor
kA04u000000Tt6nCAC.html,threat_prevention
kA04u000000Tt6YCAS.html,threat_manager
kA04u000000Tt7lCAC.html,threat_manager
kA04u000000wniICAQ.html,enterprise_auditor
kA04u000000wnkiCAA.html,public_v
kA04u000000wnkiCAA.html,threat_manager
kA04u000000wnmoCAA.html,threat_prevention
kA04u000000wnnDCAQ.html,threat_manager
kA04u000000wnnICAQ.html,public_v
kA04u000000wnnICAQ.html,threat_manager
kA04u000000wnnICAQ.html,f_stealthbits
kA04u000000wnoQCAQ.html,password_policy_enforcer
kA04u000000wnqgCAA.html,threat_prevention
kA04u000000wnqgCAA.html,public_v
kA04u000000wnqlCAA.html,public_v
kA04u000000wnqlCAA.html,enterprise_auditor
kA04u00000110ffCAA.html,threat_prevention
kA04u00000110g9CAA.html,enterprise_auditor
kA04u00000110gnCAA.html,enterprise_auditor
kA04u00000110gTCAQ.html,enterprise_auditor
kA04u00000110h7CAA.html,threat_manager
kA04u00000110hMCAQ.html,enterprise_auditor
kA04u00000110lxCAA.html,public_v
kA04u00000110lxCAA.html,enterprise_auditor
kA04u00000110m7CAA.html,enterprise_auditor
kA04u00000110mCCAQ.html,enterprise_auditor
kA04u00000110n0CAA.html,threat_prevention
kA04u00000110nyCAA.html,enterprise_auditor
kA04u00000110o3CAA.html,threat_manager
kA04u00000110oNCAQ.html,privilege_secure_discovery
kA04u00000110orCAA.html,privilege_secure_discovery
kA04u00000110oXCAQ.html,enterprise_auditor
kA04u00000110paCAA.html,enterprise_auditor
kA04u00000110pDCAQ.html,privilege_secure_discovery
kA04u00000110q9CAA.html,privilege_secure_discovery
kA04u00000110qOCAQ.html,privilege_secure_discovery
kA04u00000110qYCAQ.html,privilege_secure_discovery
kA04u00000110rgCAA.html,threat_prevention
kA04u00000110rRCAQ.html,enterprise_auditor
kA04u00000110ymCAA.html,enterprise_auditor
kA04u00000110z6CAA.html,threat_prevention
kA04u00000110zaCAA.html,enterprise_auditor
kA04u00000110zVCAQ.html,enterprise_auditor
kA04u000001110JCAQ.html,enterprise_auditor
kA04u000001110sCAA.html,threat_prevention
kA04u000001111qCAA.html,enterprise_auditor
kA04u000001112jCAA.html,enterprise_auditor
kA04u000001112oCAA.html,enterprise_auditor
kA04u000001112yCAA.html,enterprise_auditor
kA04u0000011133CAA.html,threat_prevention
kA04u0000011188CAA.html,threat_prevention
kA04u0000011191CAA.html,public_v
kA04u0000011191CAA.html,threat_prevention
kA04u000001119aCAA.html,enterprise_auditor
kA04u00000111AsCAI.html,enterprise_auditor
kA04u00000111CKCAY.html,enterprise_auditor
kA04u00000111GRCAY.html,enterprise_auditor
kA04u00000111GvCAI.html,public_v
kA04u00000111GvCAI.html,enterprise_auditor
kA04u00000111GWCAY.html,enterprise_auditor
kA04u00000111GWCAY.html,f_stealthbits
kA04u00000111H0CAI.html,customers_v
kA04u00000111H0CAI.html,enterprise_auditor
kA04u00000111IrCAI.html,public_v
kA04u00000111IrCAI.html,enterprise_auditor
kA04u00000111JzCAI.html,public_v
kA04u00000111JzCAI.html,enterprise_auditor
kA04u00000111KOCAY.html,enterprise_auditor
kA04u00000111LlCAI.html,enterprise_auditor
kA0Qk0000000aebKAA.html,threat_manager
kA0Qk0000000aMrKAI.html,public_v
kA0Qk0000000aMrKAI.html,enterprise_auditor
kA0Qk0000000aOTKAY.html,public_v
kA0Qk0000000aOTKAY.html,enterprise_auditor
kA0Qk0000000aOTKAY.html,access_info_center
kA0Qk0000000aOTKAY.html,f_stealthbits
kA0Qk0000000aujKAA.html,enterprise_auditor
kA0Qk0000000awLKAQ.html,public_v
kA0Qk0000000awLKAQ.html,enterprise_auditor
kA0Qk0000000b1BKAQ.html,f_stealthbits
kA0Qk0000000b1BKAQ.html,enterprise_auditor
kA0Qk0000000b2nKAA.html,enterprise_auditor
kA0Qk0000000divKAA.html,enterprise_auditor
kA0Qk0000000Gw1KAE.html,public_v
kA0Qk0000000Gw1KAE.html,threat_manager
kA0Qk0000000IRZKA2.html,public_v
kA0Qk0000000IRZKA2.html,enterprise_auditor
kA0Qk0000000IUnKAM.html,public_v
kA0Qk0000000IUnKAM.html,enterprise_auditor
kA0Qk0000000Ky1KAE.html,public_v
kA0Qk0000000Ky1KAE.html,enterprise_auditor
kA0Qk0000000Ky1KAE.html,access_info_center
kA0Qk0000000L2rKAE.html,public_v
kA0Qk0000000L2rKAE.html,enterprise_auditor
kA0Qk0000000LR3KAM.html,public_v
kA0Qk0000000LR3KAM.html,enterprise_auditor
kA0Qk0000000Mq9KAE.html,threat_prevention
kA0Qk0000000Mq9KAE.html,public_v
kA0Qk0000000QlhKAE.html,enterprise_auditor
kA0Qk0000000QlhKAE.html,public_v
kA0Qk0000000QLtKAM.html,access_info_center
kA0Qk0000000QLtKAM.html,public_v
kA0Qk0000000QLtKAM.html,enterprise_auditor
kA0Qk0000000Qs9KAE.html,public_v
kA0Qk0000000Qs9KAE.html,enterprise_auditor
kA0Qk0000000Qs9KAE.html,f_stealthbits
kA0Qk0000000Qs9KAE.html,ct_troubleshooting
kA0Qk0000000QvNKAU.html,enterprise_auditor
kA0Qk0000000R3RKAU.html,public_v
kA0Qk0000000R3RKAU.html,enterprise_auditor
kA0Qk0000000VyHKAU.html,enterprise_auditor
kA0Qk0000000XTpKAM.html,public_v
kA0Qk0000000XTpKAM.html,enterprise_auditor
kA0Qk0000000ZDtKAM.html,enterprise_auditor
kA0Qk00000015dZKAQ.html,enterprise_auditor
kA0Qk00000017gzKAA.html,enterprise_auditor
kA0Qk00000017STKAY.html,enterprise_auditor
kA0Qk00000017U5KAI.html,enterprise_auditor
kA0Qk00000017x7KAA.html,enterprise_auditor
kA0Qk00000017yjKAA.html,enterprise_auditor
kA0Qk000000180LKAQ.html,enterprise_auditor
kA0Qk00000018zdKAA.html,enterprise_auditor
kA0Qk000000192rKAA.html,enterprise_auditor
kA0Qk0000001965KAA.html,enterprise_auditor
kA0Qk00000019AvKAI.html,enterprise_auditor
kA0Qk0000001DZVKA2.html,enterprise_auditor
kA0Qk0000001EIfKAM.html,enterprise_auditor
kA0Qk0000001ewHKAQ.html,enterprise_auditor
kA0Qk0000001extKAA.html,enterprise_auditor
kA0Qk0000001ezVKAQ.html,enterprise_auditor
kA0Qk0000001G9BKAU.html,enterprise_auditor
kA0Qk0000001gjZKAQ.html,enterprise_auditor
kA0Qk0000001gjZKAQ.html,f_stealthbits
kA0Qk0000001gV3KAI.html,f_stealthbits
kA0Qk0000001gV3KAI.html,ct_administration
kA0Qk0000001gV3KAI.html,enterprise_auditor
kA0Qk0000001GxBKAU.html,enterprise_auditor
kA0Qk0000001h7lKAA.html,f_stealthbits
kA0Qk0000001h7lKAA.html,enterprise_auditor
kA0Qk0000001HDJKA2.html,threat_prevention
kA0Qk0000001HDJKA2.html,f_stealthbits
kA0Qk0000001hHRKAY.html,enterprise_auditor
kA0Qk0000001hHRKAY.html,f_stealthbits
kA0Qk0000001hKfKAI.html,enterprise_auditor
kA0Qk0000001hNtKAI.html,enterprise_auditor
kA0Qk0000001hNtKAI.html,ct_datacollection
kA0Qk0000001hNtKAI.html,ct_troubleshooting
kA0Qk0000001HrdKAE.html,public_v
kA0Qk0000001HrdKAE.html,enterprise_auditor
kA0Qk0000001HrdKAE.html,f_stealthbits
kA0Qk0000001hULKAY.html,enterprise_auditor
kA0Qk0000001hULKAY.html,f_stealthbits
kA0Qk0000001hVxKAI.html,enterprise_auditor
kA0Qk0000001hVxKAI.html,f_stealthbits
kA0Qk0000001hVxKAI.html,ct_productconfig
kA0Qk0000001hxNKAQ.html,enterprise_auditor
kA0Qk0000001hxNKAQ.html,f_stealthbits
kA0Qk0000001i2DKAQ.html,enterprise_auditor
kA0Qk0000001i2DKAQ.html,f_stealthbits
kA0Qk0000001i2DKAQ.html,ct_troubleshooting
kA0Qk0000001i3pKAA.html,ct_hostconfig
kA0Qk0000001i3pKAA.html,ct_productconfig
kA0Qk0000001i3pKAA.html,enterprise_auditor
kA0Qk0000001i73KAA.html,enterprise_auditor
kA0Qk0000001i73KAA.html,f_stealthbits
kA0Qk0000001Ie1KAE.html,enterprise_auditor
kA0Qk0000001Iu9KAE.html,enterprise_auditor
kA0Qk0000001iVFKAY.html,enterprise_auditor
kA0Qk0000001j4jKAA.html,enterprise_auditor
kA0Qk0000001j4jKAA.html,f_stealthbits
kA0Qk0000001j4jKAA.html,ct_howto
kA0Qk0000001j4jKAA.html,ct_installupgrade
kA0Qk0000001J73KAE.html,enterprise_auditor
kA0Qk0000001J73KAE.html,f_stealthbits
kA0Qk0000001J8fKAE.html,enterprise_auditor
kA0Qk0000001J8fKAE.html,f_stealthbits
kA0Qk0000001JAHKA2.html,f_stealthbits
kA0Qk0000001JAHKA2.html,public_v
kA0Qk0000001JAHKA2.html,enterprise_auditor
kA0Qk0000001JBtKAM.html,enterprise_auditor
kA0Qk0000001JBtKAM.html,access_info_center
kA0Qk0000001JBtKAM.html,f_stealthbits
kA0Qk0000001JDVKA2.html,f_stealthbits
kA0Qk0000001JDVKA2.html,public_v
kA0Qk0000001JDVKA2.html,enterprise_auditor
kA0Qk0000001JF7KAM.html,public_v
kA0Qk0000001JF7KAM.html,enterprise_auditor
kA0Qk0000001JF7KAM.html,access_info_center
kA0Qk0000001JF7KAM.html,f_stealthbits
kA0Qk0000001JgXKAU.html,enterprise_auditor
kA0Qk0000001JlNKAU.html,enterprise_auditor
kA0Qk0000001JmzKAE.html,enterprise_auditor
kA0Qk0000001jO5KAI.html,f_stealthbits
kA0Qk0000001jO5KAI.html,enterprise_auditor
kA0Qk0000001KRJKA2.html,enterprise_auditor
kA0Qk0000001KSvKAM.html,enterprise_auditor
kA0Qk0000001kwrKAA.html,enterprise_auditor
kA0Qk0000001kX3KAI.html,enterprise_auditor
kA0Qk0000001kX3KAI.html,f_stealthbits
kA0Qk0000001KXlKAM.html,public_v
kA0Qk0000001KXlKAM.html,enterprise_auditor
kA0Qk0000001KXlKAM.html,f_stealthbits
kA0Qk0000001kyTKAQ.html,enterprise_auditor
kA0Qk0000001l05KAA.html,enterprise_auditor
kA0Qk0000001L2PKAU.html,enterprise_auditor
kA0Qk0000001L5dKAE.html,enterprise_auditor
kA0Qk0000001LDhKAM.html,f_stealthbits
kA0Qk0000001LDhKAM.html,public_v
kA0Qk0000001LDhKAM.html,enterprise_auditor
kA0Qk0000001lGDKAY.html,ct_howto
kA0Qk0000001lGDKAY.html,enterprise_auditor
kA0Qk0000001lGDKAY.html,access_info_center
kA0Qk0000001lOHKAY.html,enterprise_auditor
kA0Qk0000001lOHKAY.html,f_stealthbits
kA0Qk0000001M05KAE.html,public_v
kA0Qk0000001M05KAE.html,enterprise_auditor
kA0Qk0000001M05KAE.html,f_stealthbits
kA0Qk0000001m2bKAA.html,enterprise_auditor
kA0Qk0000001M9lKAE.html,enterprise_auditor
kA0Qk0000001McnKAE.html,enterprise_auditor
kA0Qk0000001msDKAQ.html,enterprise_auditor
kA0Qk0000001msDKAQ.html,f_stealthbits
kA0Qk0000001N93KAE.html,access_info_center
kA0Qk0000001N93KAE.html,f_stealthbits
kA0Qk0000001noHKAQ.html,enterprise_auditor
kA0Qk0000001oArKAI.html,f_stealthbits
kA0Qk0000001oArKAI.html,ct_howto
kA0Qk0000001oArKAI.html,enterprise_auditor
kA0Qk0000001OBZKA2.html,enterprise_auditor
kA0Qk0000001OBZKA2.html,f_stealthbits
kA0Qk0000001ODBKA2.html,public_v
kA0Qk0000001ODBKA2.html,enterprise_auditor
kA0Qk0000001ODBKA2.html,f_stealthbits
kA0Qk0000001oQzKAI.html,enterprise_auditor
kA0Qk0000001oQzKAI.html,f_stealthbits
kA0Qk0000001OTJKA2.html,enterprise_auditor
kA0Qk0000001q4bKAA.html,enterprise_auditor
kA0Qk0000001q4bKAA.html,f_stealthbits
kA0Qk0000001qcTKAQ.html,enterprise_auditor
kA0Qk0000001qUPKAY.html,threat_manager
kA0Qk0000001qUPKAY.html,f_stealthbits
kA0Qk0000001qvpKAA.html,enterprise_auditor
kA0Qk0000001qvpKAA.html,f_stealthbits
kA0Qk0000001qxRKAQ.html,enterprise_auditor
kA0Qk0000001qxRKAQ.html,f_stealthbits
kA0Qk0000001RpNKAU.html,enterprise_auditor
kA0Qk0000001RRBKA2.html,public_v
kA0Qk0000001RRBKA2.html,threat_manager
kA0Qk0000001RRBKA2.html,f_stealthbits
kA0Qk0000001RuDKAU.html,enterprise_auditor
kA0Qk0000001RUPKA2.html,public_v
kA0Qk0000001RUPKA2.html,enterprise_auditor
kA0Qk0000001RUPKA2.html,f_stealthbits
kA0Qk0000001RW1KAM.html,enterprise_auditor
kA0Qk0000001sCrKAI.html,enterprise_auditor
kA0Qk0000001sETKAY.html,f_stealthbits
kA0Qk0000001sETKAY.html,enterprise_auditor
kA0Qk0000001Sv7KAE.html,enterprise_auditor
kA0Qk0000001Sv7KAE.html,f_stealthbits
kA0Qk0000001Sv7KAE.html,ct_installupgrade
kA0Qk0000001SwjKAE.html,f_stealthbits
kA0Qk0000001SwjKAE.html,ct_installupgrade
kA0Qk0000001SwjKAE.html,enterprise_auditor
kA0Qk0000001SyLKAU.html,enterprise_auditor
kA0Qk0000001SyLKAU.html,f_stealthbits
kA0Qk0000001SyLKAU.html,ct_installupgrade
kA0Qk0000001SzxKAE.html,enterprise_auditor
kA0Qk0000001SzxKAE.html,f_stealthbits
kA0Qk0000001SzxKAE.html,ct_installupgrade
kA0Qk0000001T1ZKAU.html,f_stealthbits
kA0Qk0000001T1ZKAU.html,ct_installupgrade
kA0Qk0000001T1ZKAU.html,enterprise_auditor
kA0Qk0000001TMXKA2.html,enterprise_auditor
kA0Qk0000001TMXKA2.html,f_stealthbits
kA0Qk0000001TMXKA2.html,public_v
kA0Qk0000001tVVKAY.html,enterprise_auditor
kA0Qk0000001u09KAA.html,enterprise_auditor
kA0Qk0000001u09KAA.html,f_stealthbits
kA0Qk0000001UvJKAU.html,enterprise_auditor
kA0Qk0000001v5tKAA.html,enterprise_auditor
kA0Qk0000001vYvKAI.html,enterprise_auditor
kA0Qk0000001vYvKAI.html,threat_prevention
kA0Qk0000001vYvKAI.html,f_stealthbits
kA0Qk0000001xvhKAA.html,f_stealthbits
kA0Qk0000001xvhKAA.html,ct_troubleshooting
kA0Qk0000001xvhKAA.html,threat_manager
kA0Qk0000001yerKAA.html,enterprise_auditor
kA0Qk0000001yerKAA.html,access_info_center
kA0Qk0000001yerKAA.html,f_stealthbits
kA0Qk0000001yerKAA.html,ct_howto
kA0Qk0000001Ym1KAE.html,enterprise_auditor
kA0Qk0000001Ym1KAE.html,f_stealthbits
kA0Qk0000001YndKAE.html,f_stealthbits
kA0Qk0000001YndKAE.html,threat_prevention
kA0Qk0000001YpFKAU.html,enterprise_auditor
kA0Qk0000001YpFKAU.html,f_stealthbits
kA0Qk0000001z9VKAQ.html,threat_manager
kA0Qk0000001z9VKAQ.html,threat_prevention
kA0Qk0000001z9VKAQ.html,f_stealthbits
kA0Qk0000001z9VKAQ.html,ct_troubleshooting
kA0Qk00000020ITKAY.html,enterprise_auditor
kA0Qk00000020ITKAY.html,f_stealthbits
kA0Qk00000020TlKAI.html,threat_manager
kA0Qk00000020TlKAI.html,f_stealthbits
kA0Qk00000021ODKAY.html,threat_prevention
kA0Qk00000021ODKAY.html,f_stealthbits
kA0Qk000000227NKAQ.html,ct_howto
kA0Qk000000227NKAQ.html,ct_productconfig
kA0Qk000000227NKAQ.html,ct_systemrequirements
kA0Qk000000227NKAQ.html,enterprise_auditor
kA0Qk000000227NKAQ.html,f_stealthbits
kA0Qk00000022IfKAI.html,f_stealthbits
kA0Qk00000022IfKAI.html,ct_howto
kA0Qk00000022IfKAI.html,enterprise_auditor
kA0Qk00000022KHKAY.html,enterprise_auditor
kA0Qk00000022KHKAY.html,f_stealthbits
kA0Qk00000022qXKAQ.html,enterprise_auditor
kA0Qk00000022s9KAA.html,ct_reporting
kA0Qk00000022s9KAA.html,enterprise_auditor
kA0Qk00000022s9KAA.html,f_stealthbits
kA0Qk00000024QvKAI.html,enterprise_auditor
kA0Qk00000028EPKAY.html,enterprise_auditor
kA0Qk000000297FKAQ.html,enterprise_auditor
kA0Qk000000297FKAQ.html,f_stealthbits
kA0Qk00000029IXKAY.html,enterprise_auditor
kA0Qk00000029IXKAY.html,f_stealthbits
kA0Qk00000029tdKAA.html,enterprise_auditor
kA0Qk0000002A1hKAE.html,ct_howto
kA0Qk0000002BqbKAE.html,enterprise_auditor
kA0Qk0000002DxFKAU.html,threat_prevention
kA0Qk0000002DxFKAU.html,f_stealthbits
kA0Qk0000002E25KAE.html,f_stealthbits
kA0Qk0000002E25KAE.html,threat_manager
kA0Qk0000002PAPKA2.html,f_policypak
kA0Qk0000002PAPKA2.html,policypak
kA0Qk0000002PC1KAM.html,f_policypak
kA0Qk0000002PC1KAM.html,policypak
